_issn_norm,_journal_label,_publisher,apc,papers,uncovered_total,waived,within_cap
20446055,BMJ Open,BMJ,3025.75,38,978.5,False,False
15537374,PLoS Pathog,Public Library of Science (PLoS),3043.0,22,946.0,False,False
15537358,PLoS Comput Biol,Public Library of Science (PLoS),3043.0,18,774.0,False,False
15537404,PLoS Genet,Public Library of Science (PLoS),3043.0,17,731.0,False,False
27673170,PLOS Digit Health,Public Library of Science (PLoS),3043.0,3,129.0,False,False
15255069,Epilepsy Behav,Elsevier,3060.0,6,360.0,False,False
18790534,Comput Biol Med,Elsevier,3080.0,3,240.0,False,False
17501326,Mol Neurodegener,Springer Nature,3090.0,9,810.0,False,False
14712164,BMC Genomics,Springer Nature,3090.0,6,540.0,False,False
14712288,BMC Med Res Methodol,Springer Nature,3090.0,6,540.0,False,False
14712334,BMC Infect Dis,Springer Nature,3090.0,6,540.0,False,False
14712474,BMC Musculoskelet Disord,Springer Nature,3090.0,3,270.0,False,False
15460096,Pediatr Rheumatol Online J,Springer Nature,3090.0,3,270.0,False,False
14712369,BMC Nephrol,Springer Nature,3090.0,2,180.0,False,False
14712377,BMC Neurol,Springer Nature,3090.0,2,180.0,False,False
1747597X,Subst Abuse Treat Prev Policy,Springer Nature,3090.0,2,180.0,False,False
14712261,BMC Cardiovasc Disord,Springer Nature,3090.0,1,90.0,False,False
14712431,BMC Pediatr,Springer Nature,3090.0,1,90.0,False,False
18727506,Psychiatry Res Neuroimaging,Elsevier,3110.0,3,330.0,False,False
16604601,Int J Environ Res Public Health,MDPI,3125.0,18,2250.0,False,False
20511426,J Immunother Cancer,BMJ,3125.0,15,1875.0,False,False
15592030,Contemp Clin Trials,Elsevier,3140.0,30,4200.0,False,False
22915222,JMIR Mhealth Uhealth,JMIR Publications,3150.0,10,1500.0,False,False
22107797,Pregnancy Hypertens,Elsevier,3150.0,3,450.0,False,False
18728243,Int J Med Inform,Elsevier,3150.0,1,150.0,False,False
29765390,Health Aff Sch,Oxford University Press (OUP),3150.0,1,150.0,False,False
14322277,Transpl Int,Frontiers,3159.0,2,318.0,False,False
10960341,Virology,Elsevier,3160.0,3,480.0,False,False
2673253X,Front Digit Health,Frontiers,3162.0,9,1458.0,False,False
2673561X,Front Pain Res (Lausanne),Frontiers,3162.0,4,648.0,False,False
26736217,Front Aging,Frontiers,3162.0,1,162.0,False,False
10902155,Brain Lang,Elsevier,3170.0,11,1870.0,False,False
14795868,Int J Behav Nutr Phys Act,Springer Nature,3177.0,2,354.0,False,False
18790771,Comput Med Imaging Graph,Elsevier,3180.0,1,180.0,False,False
28130146,Front Health Serv,Frontiers,3187.5,3,562.5,False,False
26737647,Front Bioinform,Frontiers,3187.5,2,375.0,False,False
26733153,Front Reprod Health,Frontiers,3187.5,1,187.5,False,False
26735059,Front Glob Womens Health,Frontiers,3187.5,1,187.5,False,False
17509378,Infect Agent Cancer,Springer Nature,3190.0,5,950.0,False,False
14712318,BMC Geriatr,Springer Nature,3190.0,3,570.0,False,False
1471230X,BMC Gastroenterol,Springer Nature,3190.0,2,380.0,False,False
03600025,Sex Roles,Springer Nature,3190.0,1,190.0,False,False
08822689,J Psychopathol Behav Assess,Springer Nature,3190.0,1,190.0,False,False
10621024,J Child Fam Stud,Springer Nature,3190.0,1,190.0,False,False
15283658,Mol Med,Springer Nature,3190.0,1,190.0,False,False
17558794,BMC Med Genomics,Springer Nature,3190.0,1,190.0,False,False
17576512,Stem Cell Res Ther,Springer Nature,3190.0,1,190.0,False,False
2191219X,EJNMMI Res,Springer Nature,3190.0,1,190.0,False,False
20598661,J Clin Transl Sci,Cambridge University Press (CUP),3200.0,21,4200.0,False,False
15279995,Urology,Elsevier,3200.0,14,2800.0,False,False
19492553,Oncotarget,Impact Journals,3200.0,8,1600.0,False,False
15526259,Ann Thorac Surg,Elsevier,3200.0,5,1000.0,False,False
18788769,World Neurosurg,Elsevier,3200.0,5,1000.0,False,False
19380690,Clin Lung Cancer,Elsevier,3200.0,1,200.0,False,False
22135979,Photoacoustics,Elsevier,3200.0,1,200.0,False,False
29497744,Genet Med Open,Elsevier,3200.0,1,200.0,False,False
18790984,J Virol Methods,Elsevier,3210.0,1,210.0,False,False
18784321,Womens Health Issues,Elsevier,3220.0,4,880.0,False,False
18781705,Int Immunopharmacol,Elsevier,3220.0,1,220.0,False,False
18790712,Eur J Pharmacol,Elsevier,3230.0,1,230.0,False,False
20010370,Comput Struct Biotechnol J,Elsevier,3230.0,1,230.0,False,False
25890042,iScience,Elsevier,3240.0,41,9840.0,False,False
20538790,Lupus Sci Med,BMJ,3243.0,9,2187.0,False,False
27534294,BMJ Public Health,BMJ,3243.0,2,486.0,False,False
20533624,Open Heart,BMJ,3243.0,1,243.0,False,False
18387640,Theranostics,Ivyspring International Publisher,3247.0,7,1729.0,False,False
19994915,Viruses,MDPI,3250.0,19,4750.0,False,False
20770383,J Clin Med,MDPI,3250.0,16,4000.0,False,False
22279059,Biomedicines,MDPI,3250.0,9,2250.0,False,False
20734425,Genes (Basel),MDPI,3250.0,7,1750.0,False,False
20754426,J Pers Med,MDPI,3250.0,6,1500.0,False,False
20754418,Diagnostics (Basel),MDPI,3250.0,5,1250.0,False,False
20751729,Life (Basel),MDPI,3250.0,4,1000.0,False,False
14248220,Sensors (Basel),MDPI,3250.0,3,750.0,False,False
18732399,Exp Hematol,Elsevier,3250.0,2,500.0,False,False
22277390,Mathematics (Basel),MDPI,3250.0,2,500.0,False,False
18737358,Eat Behav,Elsevier,3270.0,7,1890.0,False,False
15283984,Geriatr Nurs,Elsevier,3280.0,1,280.0,False,False
18727913,Int J Antimicrob Agents,Elsevier,3280.0,1,280.0,False,False
18732747,Brain Res Bull,Elsevier,3280.0,1,280.0,False,False
14712458,BMC Public Health,Springer Nature,3290.0,21,6090.0,False,False
14726963,BMC Health Serv Res,Springer Nature,3290.0,9,2610.0,False,False
14712393,BMC Pregnancy Childbirth,Springer Nature,3290.0,5,1450.0,False,False
1471244X,BMC Psychiatry,Springer Nature,3290.0,3,870.0,False,False
20426410,Biol Sex Differ,Springer Nature,3290.0,3,870.0,False,False
1743422X,Virol J,Springer Nature,3290.0,2,580.0,False,False
14797364,Hum Genomics,Springer Nature,3290.0,1,290.0,False,False
18671764,Stat Biosci,Springer Nature,3290.0,1,290.0,False,False
1464360X,Eur J Public Health,Oxford University Press (OUP),3293.55,1,293.5500000000002,False,False
18732607,Am J Prev Med,Elsevier,3300.0,19,5700.0,False,False
18733514,Neuropsychologia,Elsevier,3300.0,11,3300.0,False,False
25894196,Ophthalmol Glaucoma,Elsevier,3300.0,6,1800.0,False,False
15592308,Epigenetics,Taylor & Francis,3300.0,4,1200.0,False,False
24734284,JCO Precis Oncol,American Society of Clinical Oncology (ASCO),3300.0,4,1200.0,False,False
24734276,JCO Clin Cancer Inform,American Society of Clinical Oncology (ASCO),3300.0,3,900.0,False,False
18734898,J Pediatr Urol,Elsevier,3300.0,2,600.0,False,False
2162402X,Oncoimmunology,Taylor & Francis,3300.0,2,600.0,False,False
26662477,HGG Adv,Elsevier,3300.0,2,600.0,False,False
14772566,Cytotherapy,Elsevier,3300.0,1,300.0,False,False
17441706,Glob Public Health,Taylor & Francis,3300.0,1,300.0,False,False
18734499,Clin Imaging,Elsevier,3310.0,2,620.0,False,False
18791379,J Psychiatr Res,Elsevier,3320.0,13,4160.0,False,False
15321983,Clin Nutr,Elsevier,3320.0,2,640.0,False,False
17412552,J Neural Eng,IOP Publishing,3325.0,24,7800.0,False,False
13616560,Phys Med Biol,IOP Publishing,3325.0,6,1950.0,False,False
13616579,Physiol Meas,IOP Publishing,3325.0,1,325.0,False,False
15283933,J AAPOS,Elsevier,3330.0,1,330.0,False,False
23528532,Addict Behav Rep,Elsevier,3330.0,1,330.0,False,False
18793150,Toxicon,Elsevier,3340.0,1,340.0,False,False
14388871,J Med Internet Res,JMIR Publications,3350.0,25,8750.0,False,False
18726240,Brain Res,Elsevier,3360.0,5,1800.0,False,False
20734409,Cells,MDPI,3375.0,37,13875.0,False,False
22181989,Metabolites,MDPI,3375.0,10,3750.0,False,False
2218273X,Biomolecules,MDPI,3375.0,7,2625.0,False,False
23065354,Bioengineering (Basel),MDPI,3375.0,7,2625.0,False,False
14203049,Molecules,MDPI,3375.0,4,1500.0,False,False
20762607,Microorganisms,MDPI,3375.0,3,1125.0,False,False
23083425,J Cardiovasc Dev Dis,MDPI,3375.0,3,1125.0,False,False
2076393X,Vaccines (Basel),MDPI,3375.0,2,750.0,False,False
20797737,Biology (Basel),MDPI,3375.0,2,750.0,False,False
22279032,Healthcare (Basel),MDPI,3375.0,2,750.0,False,False
24146366,Trop Med Infect Dis,MDPI,3375.0,2,750.0,False,False
18791913,Am J Cardiol,Elsevier,3380.0,16,6080.0,False,False
18732054,Health Place,Elsevier,3380.0,4,1520.0,False,False
18735894,Magn Reson Imaging,Elsevier,3380.0,2,760.0,False,False
17485908,Implement Sci,Springer Nature,3390.0,12,4680.0,False,False
14712407,BMC Cancer,Springer Nature,3390.0,4,1560.0,False,False
10461310,Curr Psychol,Springer Nature,3390.0,2,780.0,False,False
01675923,Popul Res Policy Rev,Springer Nature,3390.0,1,390.0,False,False
1478811X,Cell Commun Signal,Springer Nature,3390.0,1,390.0,False,False
15687856,DNA Repair (Amst),Elsevier,3390.0,1,390.0,False,False
19365233,Transl Oncol,Elsevier,3390.0,1,390.0,False,False
20458118,Fluids Barriers CNS,Springer Nature,3390.0,1,390.0,False,False
15344436,Ann Allergy Asthma Immunol,Elsevier,3400.0,23,9200.0,False,False
18762867,Acad Pediatr,Elsevier,3400.0,6,2400.0,False,False
18736815,Exp Gerontol,Elsevier,3400.0,1,400.0,False,False
20954700,Bone Res,Springer Nature,3405.0,1,405.0,False,False
10958673,J Surg Res,Elsevier,3410.0,25,10250.0,False,False
15320480,J Biomed Inform,Elsevier,3410.0,9,3690.0,False,False
1876861X,J Cardiovasc Comput Tomogr,Elsevier,3410.0,1,410.0,False,False
24721972,J Endocr Soc,The Endocrine Society,3418.0,6,2508.0,False,False
15371719,Mol Biol Evol,Oxford University Press (OUP),3418.0,1,418.0,False,False
18787452,J Surg Educ,Elsevier,3420.0,3,1260.0,False,False
1083351X,J Biol Chem,Elsevier,3430.0,35,15050.0,False,False
15581497,Neurobiol Aging,Elsevier,3430.0,14,6020.0,False,False
2352345X,Cell Mol Gastroenterol Hepatol,Elsevier,3430.0,9,3870.0,False,False
15359484,Mol Cell Proteomics,Elsevier,3430.0,6,2580.0,False,False
15397262,J Lipid Res,Elsevier,3430.0,3,1290.0,False,False
18727972,Neurosci Lett,Elsevier,3430.0,1,430.0,False,False
13652230,Clin Exp Dermatol,Oxford University Press (OUP),3433.05,3,1299.1500000000005,False,False
18736483,J Subst Abuse Treat,Elsevier,3440.0,6,2640.0,False,False
18736246,Biol Psychol,Elsevier,3440.0,5,2200.0,False,False
29498759,J Subst Use Addict Treat,Elsevier,3440.0,5,2200.0,False,False
18732496,Urol Oncol,Elsevier,3440.0,3,1320.0,False,False
18727727,Eur J Radiol,Elsevier,3440.0,1,440.0,False,False
10988785,Am J Perinatol,Thieme,3450.0,67,30150.0,False,False
21650497,Microbiol Spectr,American Society for Microbiology,3450.0,12,5400.0,False,False
18690327,Appl Clin Inform,Thieme,3450.0,7,3150.0,False,False
10976779,Gastrointest Endosc,Elsevier,3450.0,6,2700.0,False,False
10989021,Semin Neurol,Thieme,3450.0,5,2250.0,False,False
09365214,Synlett,Thieme,3450.0,1,450.0,False,False
17604788,J Nutr Health Aging,Elsevier,3450.0,1,450.0,False,False
20488505,Clin Kidney J,Oxford University Press (OUP),3452.67,2,905.3400000000001,False,False
18735126,Parkinsonism Relat Disord,Elsevier,3460.0,12,5520.0,False,False
18732364,Neuromuscul Disord,Elsevier,3470.0,3,1410.0,False,False
18732860,Artif Intell Med,Elsevier,3480.0,6,2880.0,False,False
22131582,Neuroimage Clin,Elsevier,3490.0,10,4900.0,False,False
1465993X,Respir Res,Springer Nature,3490.0,2,980.0,False,False
19348800,Infant Behav Dev,Elsevier,3490.0,2,980.0,False,False
15231755,Kidney Int,Elsevier,3500.0,11,5500.0,False,False
15271315,Radiology,Radiological Society of North America (RSNA),3500.0,10,5000.0,False,False
26386135,Radiol Cardiothorac Imaging,Radiological Society of North America (RSNA),3500.0,8,4000.0,False,False
23692960,JMIR Public Health Surveill,JMIR Publications,3500.0,5,2500.0,False,False
27711897,Urogynecology (Phila),Wolters Kluwer,3500.0,5,2500.0,False,False
1741203X,Int Psychogeriatr,Elsevier,3500.0,2,1000.0,False,False
18737544,Neuroscience,Elsevier,3500.0,2,1000.0,False,False
18790518,Contraception,Elsevier,3500.0,2,1000.0,False,False
26386100,Radiol Artif Intell,Radiological Society of North America (RSNA),3500.0,2,1000.0,False,False
2638616X,Radiol Imaging Cancer,Radiological Society of North America (RSNA),3500.0,2,1000.0,False,False
2666335X,F S Sci,Elsevier,3500.0,2,1000.0,False,False
10960457,J Exp Child Psychol,Elsevier,3500.0,1,500.0,False,False
10960856,J Magn Reson,Elsevier,3500.0,1,500.0,False,False
15526917,J Assoc Nurses AIDS Care,Wolters Kluwer,3500.0,1,500.0,False,False
1873507X,Physiol Behav,Elsevier,3500.0,1,500.0,False,False
22110356,Mult Scler Relat Disord,Elsevier,3500.0,1,500.0,False,False
24688673,Curr Opin Physiol,Elsevier,3500.0,1,500.0,False,False
26913704,JACS Au,American Chemical Society (ACS),3500.0,1,500.0,False,False
26942437,ACS Bio Med Chem Au,American Chemical Society (ACS),3500.0,1,500.0,False,False
28323637,Chem Biomed Imaging,American Chemical Society (ACS),3500.0,1,500.0,False,False
1938131X,Jt Comm J Qual Patient Saf,Elsevier,3510.0,8,4080.0,False,False
18784046,Acad Radiol,Elsevier,3510.0,7,3570.0,False,False
18728057,Mol Cell Endocrinol,Elsevier,3510.0,1,510.0,False,False
19332874,J Clin Lipidol,Elsevier,3510.0,1,510.0,False,False
27559637,Eur Heart J Imaging Methods Pract,Oxford University Press (OUP),3510.0,1,510.0,False,False
18735150,Pediatr Neurol,Elsevier,3520.0,2,1040.0,False,False
14765586,Neoplasia,Elsevier,3530.0,1,530.0,False,False
19380682,Clin Genitourin Cancer,Elsevier,3530.0,1,530.0,False,False
00359254,J R Stat Soc Ser C Appl Stat,Oxford University Press (OUP),3538.35,1,538.3499999999999,False,False
14679868,J R Stat Soc Series B Stat Methodol,Oxford University Press (OUP),3538.35,1,538.3499999999999,False,False
10959572,Neuroimage,Elsevier,3540.0,31,16740.0,False,False
18727697,Int J Psychophysiol,Elsevier,3540.0,2,1080.0,False,False
01679473,Comput Stat Data Anal,Elsevier,3540.0,1,540.0,False,False
25899333,Am J Obstet Gynecol MFM,Elsevier,3550.0,40,22000.0,False,False
14692198,Dev Psychopathol,Cambridge University Press (CUP),3550.0,11,6050.0,False,False
14698978,Psychol Med,Cambridge University Press (CUP),3550.0,9,4950.0,False,False
15596834,Infect Control Hosp Epidemiol,Cambridge University Press (CUP),3550.0,6,3300.0,False,False
14752662,Br J Nutr,Cambridge University Press (CUP),3550.0,4,2200.0,False,False
15328392,Hum Pathol,Elsevier,3550.0,4,2200.0,False,False
13667289,Biling (Camb Engl),Cambridge University Press (CUP),3550.0,3,1650.0,False,False
18733913,Cell Signal,Elsevier,3550.0,3,1650.0,False,False
17436109,J Sex Med,Oxford University Press (OUP),3550.0,2,1100.0,False,False
16155947,Ann Vasc Surg,Elsevier,3560.0,5,2800.0,False,False
14492288,Int J Biol Sci,Ivyspring International Publisher,3572.0,2,1144.0,False,False
15928721,Haematologica,Ferrata Storti Foundation (Haematologica),3574.0,4,2296.0,False,False
1873622X,Behav Res Ther,Elsevier,3580.0,5,2900.0,False,False
01933973,J Appl Dev Psychol,Elsevier,3580.0,1,580.0,False,False
18727549,Behav Brain Res,Elsevier,3590.0,5,2950.0,False,False
19318405,AIDS Res Hum Retroviruses,Mary Ann Liebert,3600.0,26,15600.0,False,False
23258306,LGBT Health,Mary Ann Liebert,3600.0,12,7200.0,False,False
1931843X,J Womens Health (Larchmt),Mary Ann Liebert,3600.0,10,6000.0,False,False
15357732,J Vasc Interv Radiol,Elsevier,3600.0,7,4200.0,False,False
18781888,Behav Ther,Elsevier,3600.0,6,3600.0,False,False
2156535X,J Adolesc Young Adult Oncol,Mary Ann Liebert,3600.0,3,1800.0,False,False
21532176,Child Obes,Mary Ann Liebert,3600.0,2,1200.0,False,False
15210111,Mol Pharmacol,Elsevier,3600.0,1,600.0,False,False
26884887,Transgend Health,Mary Ann Liebert,3600.0,1,600.0,False,False
15573117,J Heart Lung Transplant,Elsevier,3606.0,6,3636.0,False,False
15329488,Semin Thorac Cardiovasc Surg,Elsevier,3610.0,1,610.0,False,False
18794076,J Geriatr Oncol,Elsevier,3610.0,1,610.0,False,False
19506007,Biomed Pharmacother,Elsevier,3610.0,1,610.0,False,False
23342536,Optica,Optica Publishing Group,3610.0,1,610.0,False,False
14220067,Int J Mol Sci,MDPI,3625.0,56,35000.0,False,False
20726694,Cancers (Basel),MDPI,3625.0,53,33125.0,False,False
20726643,Nutrients,MDPI,3625.0,22,13750.0,False,False
19994923,Pharmaceutics,MDPI,3625.0,8,5000.0,False,False
20763921,Antioxidants (Basel),MDPI,3625.0,7,4375.0,False,False
14248247,Pharmaceuticals (Basel),MDPI,3625.0,5,3125.0,False,False
20796382,Antibiotics (Basel),MDPI,3625.0,2,1250.0,False,False
15323064,Respir Med,Elsevier,3630.0,4,2520.0,False,False
20472986,J Glob Health,International Society of Global Health,3635.0,3,1905.0,False,False
18785883,J Neurol Sci,Elsevier,3640.0,5,3200.0,False,False
10956867,Horm Behav,Elsevier,3640.0,1,640.0,False,False
18790267,Injury,Elsevier,3640.0,1,640.0,False,False
13600451,AIDS Care,Taylor & Francis,3650.0,13,8450.0,False,False
18732380,J Biomech,Elsevier,3650.0,11,7150.0,False,False
10960260,Prev Med,Elsevier,3650.0,6,3900.0,False,False
15598519,J Sex Res,Taylor & Francis,3650.0,6,3900.0,False,False
19403208,J Am Coll Health,Taylor & Francis,3650.0,6,3900.0,False,False
10985549,Mol Cell Biol,Taylor & Francis,3650.0,4,2600.0,False,False
14617277,J Health Psychol,SAGE Publications,3650.0,4,2600.0,False,False
19490984,Gut Microbes,Taylor & Francis,3650.0,4,2600.0,False,False
26666367,Transplant Cell Ther,Elsevier,3650.0,4,2600.0,False,False
15403602,J Homosex,Taylor & Francis,3650.0,3,1950.0,False,False
15407586,J Psychosoc Oncol,Taylor & Francis,3650.0,3,1950.0,False,False
15436136,Arch Suicide Res,Taylor & Francis,3650.0,3,1950.0,False,False
17088186,Int J Audiol,Taylor & Francis,3650.0,3,1950.0,False,False
02687038,Aphasiology,Taylor & Francis,3650.0,2,1300.0,False,False
15332659,J Ethn Subst Abuse,Taylor & Francis,3650.0,2,1300.0,False,False
15404048,J Gerontol Soc Work,Taylor & Francis,3650.0,2,1300.0,False,False
00220426,J Drug Issues,SAGE Publications,3650.0,1,650.0,False,False
10618600,J Comput Graph Stat,Taylor & Francis,3650.0,1,650.0,False,False
14726491,Reprod Biomed Online,Elsevier,3650.0,1,650.0,False,False
15236536,Biol Blood Marrow Transplant,Elsevier,3650.0,1,650.0,False,False
15295192,Parent Sci Pract,Taylor & Francis,3650.0,1,650.0,False,False
15528448,Violence Against Women,SAGE Publications,3650.0,1,650.0,False,False
15558584,RNA Biol,Taylor & Francis,3650.0,1,650.0,False,False
16078888,Stress,Taylor & Francis,3650.0,1,650.0,False,False
17445094,Ophthalmic Genet,Taylor & Francis,3650.0,1,650.0,False,False
2164554X,Hum Vaccin Immunother,Taylor & Francis,3650.0,1,650.0,False,False
21676968,Emerg Adulthood,SAGE Publications,3650.0,1,650.0,False,False
23794925,Evid Based Pract Child Adolesc Ment Health,Taylor & Francis,3650.0,1,650.0,False,False
18732518,Vaccine,Elsevier,3680.0,8,5440.0,False,False
00404020,Tetrahedron,Elsevier,3680.0,1,680.0,False,False
10967206,Mol Genet Metab,Elsevier,3680.0,1,680.0,False,False
23732822,eNeuro,Society for Neuroscience,3690.0,25,17250.0,False,False
2730664X,Commun Med (Lond),Springer Nature,3690.0,8,5520.0,False,False
14786362,Arthritis Res Ther,Springer Nature,3690.0,5,3450.0,False,False
18655025,Cell Mol Bioeng,Springer Nature,3690.0,2,1380.0,False,False
14759276,Int J Equity Health,Springer Nature,3690.0,1,690.0,False,False
18780180,J Mech Behav Biomed Mater,Elsevier,3690.0,1,690.0,False,False
15495477,Genes Dev,Cold Spring Harbor Laboratory,3700.0,13,9100.0,False,False
15300374,Menopause,Wolters Kluwer,3700.0,4,2800.0,False,False
26671743,Biol Psychiatry Glob Open Sci,Elsevier,3700.0,4,2800.0,False,False
15498425,J Patient Saf,Wolters Kluwer,3700.0,3,2100.0,False,False
15229653,Osteoarthritis Cartilage,Elsevier,3700.0,2,1400.0,False,False
19353227,J Addict Med,Wolters Kluwer,3700.0,1,700.0,False,False
15506606,J Immunol,Oxford University Press (OUP),3710.0,28,19880.0,False,False
15275418,J Am Acad Child Adolesc Psychiatry,Elsevier,3710.0,11,7810.0,False,False
19167075,Can J Cardiol,Elsevier,3710.0,1,710.0,False,False
15323102,Placenta,Elsevier,3720.0,7,5040.0,False,False
18737714,Gen Hosp Psychiatry,Elsevier,3720.0,1,720.0,False,False
22122672,J Acad Nutr Diet,Elsevier,3740.0,3,2220.0,False,False
18726976,Arch Gerontol Geriatr,Elsevier,3750.0,3,2250.0,False,False
15387836,J Thromb Haemost,Elsevier,3750.0,2,1500.0,False,False
1873460X,J Diabetes Complications,Elsevier,3760.0,5,3800.0,False,False
18791360,J Psychosom Res,Elsevier,3760.0,3,2280.0,False,False
25742531,JAMIA Open,Oxford University Press (OUP),3762.0,7,5334.0,False,False
15557162,Am J Med,Elsevier,3770.0,8,6160.0,False,False
18790887,Radiother Oncol,Elsevier,3770.0,1,770.0,False,False
15410420,Biometrics,Oxford University Press (OUP),3780.0,15,11700.0,False,False
15234681,J Bone Miner Res,Oxford University Press (OUP),3780.0,5,3900.0,False,False
14682834,Age Ageing,Oxford University Press (OUP),3786.75,1,786.75,False,False
15732517,J Affect Disord,Elsevier,3790.0,25,19750.0,False,False
20515960,Acta Neuropathol Commun,Springer Nature,3790.0,18,14220.0,False,False
18728952,Clin Neurophysiol,Elsevier,3790.0,9,7110.0,False,False
20593635,Signal Transduct Target Ther,Springer Nature,3790.0,3,2370.0,False,False
23744677,NPJ Breast Cancer,Springer Nature,3790.0,2,1580.0,False,False
25889311,Eur Urol Oncol,Elsevier,3790.0,2,1580.0,False,False
14773155,J Nanobiotechnology,Springer Nature,3790.0,1,790.0,False,False
20557434,Microsyst Nanoeng,Springer Nature,3790.0,1,790.0,False,False
15231747,J Invest Dermatol,Elsevier,3800.0,30,24000.0,False,False
19383673,J Leukoc Biol,Oxford University Press (OUP),3800.0,12,9600.0,False,False
18787533,Surg Obes Relat Dis,Elsevier,3800.0,6,4800.0,False,False
10897690,J Chem Phys,AIP Publishing,3800.0,4,3200.0,False,False
15251438,Int J Gynecol Cancer,Elsevier,3800.0,4,3200.0,False,False
10976795,J Am Soc Echocardiogr,Elsevier,3800.0,3,2400.0,False,False
1618131X,Int J Hyg Environ Health,Elsevier,3800.0,3,2400.0,False,False
18731708,Reprod Toxicol,Elsevier,3800.0,1,800.0,False,False
18787568,Acta Biomater,Elsevier,3810.0,16,12960.0,False,False
18790631,Life Sci,Elsevier,3810.0,1,810.0,False,False
18732585,Ann Epidemiol,Elsevier,3820.0,9,7380.0,False,False
1873734X,Eur J Cardiothorac Surg,Oxford University Press (OUP),3829.41,1,829.4099999999999,False,False
18789307,Dev Cogn Neurosci,Elsevier,3830.0,18,14940.0,False,False
18735134,Patient Educ Couns,Elsevier,3830.0,13,10790.0,False,False
19738102,Cortex,Elsevier,3830.0,13,10790.0,False,False
18733360,Psychoneuroendocrinology,Elsevier,3830.0,12,9960.0,False,False
18791883,Am J Surg,Elsevier,3830.0,6,4980.0,False,False
15322653,J Clin Neurosci,Elsevier,3830.0,1,830.0,False,False
18726232,Early Hum Dev,Elsevier,3840.0,1,840.0,False,False
10976760,Ann Emerg Med,Elsevier,3850.0,7,5950.0,False,False
19454589,Aging (Albany NY),Impact Journals,3850.0,6,5100.0,False,False
15445208,Health Aff (Millwood),Health Affairs,3850.0,2,1700.0,False,False
18729738,Neurotoxicol Teratol,Elsevier,3850.0,2,1700.0,False,False
1549490X,Oncologist,Oxford University Press (OUP),3852.0,5,4260.0,False,False
10960953,Environ Res,Elsevier,3860.0,12,10320.0,False,False
15364844,Inflamm Bowel Dis,Oxford University Press (OUP),3862.0,3,2586.0,False,False
18791972,J Adolesc Health,Elsevier,3870.0,18,15660.0,False,False
14602091,J Antimicrob Chemother,Oxford University Press (OUP),3873.15,9,7858.35,False,False
14643405,Bioorg Med Chem Lett,Elsevier,3880.0,3,2640.0,False,False
14774054,Brief Bioinform,Oxford University Press (OUP),3885.0,7,6195.0,False,False
18687083,Clin Epigenetics,Springer Nature,3890.0,7,6230.0,False,False
23738057,NPJ Parkinsons Dis,Springer Nature,3890.0,6,5340.0,False,False
27546993,Schizophrenia (Heidelb),Springer Nature,3890.0,4,3560.0,False,False
14795876,J Transl Med,Springer Nature,3890.0,3,2670.0,False,False
20590105,NPJ Vaccines,Springer Nature,3890.0,3,2670.0,False,False
2334265X,NPJ Schizophr,Springer Nature,3890.0,2,1780.0,False,False
15328651,Reg Anesth Pain Med,BMJ,3890.0,1,890.0,False,False
20493169,Int J Oral Sci,Springer Nature,3890.0,1,890.0,False,False
17585090,Biofabrication,IOP Publishing,3895.0,1,895.0,False,False
15236838,Am J Kidney Dis,Elsevier,3900.0,26,23400.0,False,False
15273350,Hepatology,Wolters Kluwer,3900.0,20,18000.0,False,False
15526518,J Interpers Violence,SAGE Publications,3900.0,9,8100.0,False,False
15523489,Assessment,SAGE Publications,3900.0,7,6300.0,False,False
19425546,Mayo Clin Proc,Elsevier,3900.0,6,5400.0,False,False
21677026,Clin Psychol Sci,SAGE Publications,3900.0,5,4500.0,False,False
14617005,Autism,SAGE Publications,3900.0,4,3600.0,False,False
14679280,Psychol Sci,SAGE Publications,3900.0,4,3600.0,False,False
1872678X,J Neurosci Methods,Elsevier,3900.0,4,3600.0,False,False
18787479,Neurotherapeutics,Elsevier,3900.0,4,3600.0,False,False
19322968,J Diabetes Sci Technol,SAGE Publications,3900.0,4,3600.0,False,False
23290501,Mol Ther Methods Clin Dev,Elsevier,3900.0,3,2700.0,False,False
26338823,Function (Oxf),Oxford University Press (OUP),3900.0,3,2700.0,False,False
21622531,Mol Ther Nucleic Acids,Elsevier,3900.0,2,1800.0,False,False
09637214,Curr Dir Psychol Sci,SAGE Publications,3900.0,1,900.0,False,False
16642295,Front Neurol,Frontiers,3906.0,22,19932.0,False,False
2296634X,Front Cell Dev Biol,Frontiers,3906.0,17,15402.0,False,False
16625161,Front Hum Neurosci,Frontiers,3906.0,11,9966.0,False,False
16648021,Front Genet,Frontiers,3906.0,8,7248.0,False,False
2297055X,Front Cardiovasc Med,Frontiers,3906.0,8,7248.0,False,False
16625099,Front Mol Neurosci,Frontiers,3906.0,7,6342.0,False,False
22352988,Front Cell Infect Microbiol,Frontiers,3906.0,7,6342.0,False,False
22964185,Front Bioeng Biotechnol,Frontiers,3906.0,7,6342.0,False,False
16634365,Front Aging Neurosci,Frontiers,3906.0,6,5436.0,False,False
16641078,Front Psychol,Frontiers,3906.0,6,5436.0,False,False
22962360,Front Pediatr,Frontiers,3906.0,6,5436.0,False,False
16625102,Front Cell Neurosci,Frontiers,3906.0,5,4530.0,False,False
16642392,Front Endocrinol (Lausanne),Frontiers,3906.0,5,4530.0,False,False
2296889X,Front Mol Biosci,Frontiers,3906.0,5,4530.0,False,False
16639812,Front Pharmacol,Frontiers,3906.0,4,3624.0,False,False
2296858X,Front Med (Lausanne),Frontiers,3906.0,3,2718.0,False,False
1664302X,Front Microbiol,Frontiers,3906.0,2,1812.0,False,False
2296861X,Front Nutr,Frontiers,3906.0,2,1812.0,False,False
2504284X,Front Educ (Lausanne),Frontiers,3906.0,2,1812.0,False,False
15732509,Schizophr Res,Elsevier,3910.0,14,12740.0,False,False
1095564X,Dev Biol,Elsevier,3910.0,8,7280.0,False,False
18737838,Cognition,Elsevier,3910.0,5,4550.0,False,False
24686530,Ophthalmol Retina,Elsevier,3920.0,7,6440.0,False,False
20474881,Eur J Prev Cardiol,Oxford University Press (OUP),3925.35,2,1850.6999999999998,False,False
16625110,Front Neural Circuits,Frontiers,3937.5,4,3750.0,False,False
16643224,Front Immunol,Frontiers,3938.0,67,62846.0,False,False
19457197,J Clin Endocrinol Metab,The Endocrine Society,3938.0,24,22512.0,False,False
1664042X,Front Physiol,Frontiers,3938.0,15,14070.0,False,False
16624548,Front Neurosci,Frontiers,3938.0,13,12194.0,False,False
16640640,Front Psychiatry,Frontiers,3938.0,13,12194.0,False,False
19457170,Endocrinology,The Endocrine Society,3938.0,13,12194.0,False,False
2234943X,Front Oncol,Frontiers,3938.0,10,9380.0,False,False
22962565,Front Public Health,Frontiers,3938.0,10,9380.0,False,False
18734626,J Gastrointest Surg,Elsevier,3950.0,9,8550.0,False,False
15321991,Cell Calcium,Elsevier,3950.0,5,4750.0,False,False
14219670,Am J Nephrol,Karger Publishers,3950.0,3,2850.0,False,False
14230003,Gerontology,Karger Publishers,3950.0,2,1900.0,False,False
16632826,Horm Res Paediatr,Karger Publishers,3950.0,1,950.0,False,False
18732763,Bone,Elsevier,3960.0,4,3840.0,False,False
18737994,J Commun Disord,Elsevier,3960.0,2,1920.0,False,False
14643391,Bioorg Med Chem,Elsevier,3960.0,1,960.0,False,False
15328414,J Card Fail,Elsevier,3970.0,17,16490.0,False,False
18741754,Int J Cardiol,Elsevier,3970.0,1,970.0,False,False
25751077,Life Sci Alliance,Life Science Alliance,3975.0,10,9750.0,False,False
23995300,Innov Aging,Oxford University Press (OUP),3977.0,2,1954.0,False,False
1095953X,Neurobiol Dis,Elsevier,3980.0,23,22540.0,False,False
15328171,Am J Emerg Med,Elsevier,3980.0,3,2940.0,False,False
10797114,Phys Rev Lett,American Physical Society (APS),3980.0,2,1960.0,False,False
17430003,J Neuroeng Rehabil,Springer Nature,3990.0,17,16830.0,False,False
20402392,Mol Autism,Springer Nature,3990.0,4,3960.0,False,False
1868310X,J Community Genet,Springer Nature,3990.0,1,990.0,False,False
13624962,Nucleic Acids Res,Oxford University Press (OUP),3992.0,22,21824.0,False,False
19394586,Mol Biol Cell,American Society for Cell Biology (ASCB),3995.0,23,22885.0,False,False
25743805,JAMA Netw Open,American Medical Association (AMA),4000.0,110,110000.0,False,False
22132201,J Allergy Clin Immunol Pract,Elsevier,4000.0,52,52000.0,False,False
1532821X,Arch Phys Med Rehabil,Elsevier,4000.0,10,10000.0,False,False
01621459,J Am Stat Assoc,Taylor & Francis,4000.0,7,7000.0,False,False
15452301,Clin Gerontol,Taylor & Francis,4000.0,7,7000.0,False,False
0315162X,J Rheumatol,The Journal of Rheumatology,4000.0,6,6000.0,False,False
17548411,Dis Model Mech,The Company of Biologists,4000.0,6,6000.0,False,False
10959564,Neurobiol Learn Mem,Elsevier,4000.0,5,5000.0,False,False
14992752,J Rheumatol,The Journal of Rheumatology,4000.0,5,5000.0,False,False
15244733,Value Health,Elsevier,4000.0,5,5000.0,False,False
15577449,AIDS Patient Care STDS,Mary Ann Liebert,4000.0,5,5000.0,False,False
15579042,J Neurotrauma,Mary Ann Liebert,4000.0,5,5000.0,False,False
1937335X,Tissue Eng Part A,Mary Ann Liebert,4000.0,5,5000.0,False,False
14653419,Ethn Health,Taylor & Francis,4000.0,4,4000.0,False,False
10979891,Am J Drug Alcohol Abuse,Taylor & Francis,4000.0,3,3000.0,False,False
15322491,Subst Use Misuse,Taylor & Francis,4000.0,3,3000.0,False,False
1744411X,J Clin Exp Neuropsychol,Taylor & Francis,4000.0,3,3000.0,False,False
17444136,Child Neuropsychol,Taylor & Francis,4000.0,3,3000.0,False,False
1362301X,Brain Inj,Taylor & Francis,4000.0,2,2000.0,False,False
15324303,J Asthma,Taylor & Francis,4000.0,2,2000.0,False,False
15577740,J Palliat Med,Mary Ann Liebert,4000.0,2,2000.0,False,False
17448301,Future Oncol,Taylor & Francis,4000.0,2,2000.0,False,False
1750192X,Epigenomics,Taylor & Francis,4000.0,2,2000.0,False,False
23788763,Cannabis Cannabinoid Res,Mary Ann Liebert,4000.0,2,2000.0,False,False
26890186,JAMA Health Forum,American Medical Association (AMA),4000.0,2,2000.0,False,False
14659891,J Subst Use,Taylor & Francis,4000.0,1,1000.0,False,False
1532530X,Eat Disord,Taylor & Francis,4000.0,1,1000.0,False,False
15577422,Hum Gene Ther,Mary Ann Liebert,4000.0,1,1000.0,False,False
15579077,Thyroid,Mary Ann Liebert,4000.0,1,1000.0,False,False
17444128,Neuropsychol Dev Cogn B Aging Neuropsychol Cogn,Taylor & Francis,4000.0,1,1000.0,False,False
10976809,J Vasc Surg,Elsevier,4010.0,15,15150.0,False,False
10960007,Exp Eye Res,Elsevier,4010.0,13,13130.0,False,False
18791298,Chemosphere,Elsevier,4010.0,2,2020.0,False,False
1879260X,Biochim Biophys Acta Mol Basis Dis,Elsevier,4010.0,1,1010.0,False,False
18791484,Atherosclerosis,Elsevier,4020.0,10,10200.0,False,False
13993003,Eur Respir J,European Respiratory Society (ERS),4030.0,4,4120.0,False,False
15322742,J Infect,Elsevier,4030.0,3,3090.0,False,False
15386724,Phys Ther,Oxford University Press (OUP),4035.0,4,4140.0,False,False
24519030,Biol Psychiatry Cogn Neurosci Neuroimaging,Elsevier,4050.0,7,7350.0,False,False
18737757,Child Abuse Negl,Elsevier,4050.0,4,4200.0,False,False
23522895,Neurobiol Stress,Elsevier,4050.0,3,3150.0,False,False
18735347,Soc Sci Med,Elsevier,4060.0,18,19080.0,False,False
24260266,J Prev Alzheimers Dis,Elsevier,4060.0,5,5300.0,False,False
17417899,Reproduction,Bioscientifica,4063.0,4,4252.0,False,False
14730189,Lab Chip,Royal Society of Chemistry (RSC),4067.0,3,3201.0,False,False
17446848,Soft Matter,Royal Society of Chemistry (RSC),4067.0,3,3201.0,False,False
20403372,Nanoscale,Royal Society of Chemistry (RSC),4067.0,3,3201.0,False,False
1364548X,Chem Commun (Camb),Royal Society of Chemistry (RSC),4067.0,2,2134.0,False,False
14604752,Nat Prod Rep,Royal Society of Chemistry (RSC),4067.0,2,2134.0,False,False
20474849,Biomater Sci,Royal Society of Chemistry (RSC),4067.0,2,2134.0,False,False
26328682,RSC Med Chem,Royal Society of Chemistry (RSC),4067.0,2,2134.0,False,False
13645528,Analyst,Royal Society of Chemistry (RSC),4067.0,1,1067.0,False,False
14639084,Phys Chem Chem Phys,Royal Society of Chemistry (RSC),4067.0,1,1067.0,False,False
17599954,Polym Chem,Royal Society of Chemistry (RSC),4067.0,1,1067.0,False,False
20507518,J Mater Chem B,Royal Society of Chemistry (RSC),4067.0,1,1067.0,False,False
25154184,Mol Omics,Royal Society of Chemistry (RSC),4067.0,1,1067.0,False,False
10976744,Am Heart J,Elsevier,4070.0,4,4280.0,False,False
23986352,NPJ Digit Med,Springer Nature,4090.0,20,21800.0,False,False
17422094,J Neuroinflammation,Springer Nature,4090.0,11,11990.0,False,False
2397768X,NPJ Precis Oncol,Springer Nature,4090.0,3,3270.0,False,False
01475916,Cognit Ther Res,Springer Nature,4090.0,2,2180.0,False,False
18736424,Environ Pollut,Elsevier,4090.0,2,2180.0,False,False
08857482,J Fam Violence,Springer Nature,4090.0,1,1090.0,False,False
10928464,Curr Treat Options Cardiovasc Med,Springer Nature,4090.0,1,1090.0,False,False
18790739,Nutr Res,Elsevier,4090.0,1,1090.0,False,False
15374521,Sex Transm Dis,Wolters Kluwer,4100.0,7,7700.0,False,False
15365166,J Neuroophthalmol,Wolters Kluwer,4100.0,2,2200.0,False,False
15367312,J Dev Behav Pediatr,Wolters Kluwer,4100.0,2,2200.0,False,False
15371603,J Clin Neurophysiol,Wolters Kluwer,4100.0,1,1100.0,False,False
15561380,J Thorac Oncol,Elsevier,4100.0,1,1100.0,False,False
15251403,Neuromodulation,Elsevier,4110.0,6,6660.0,False,False
10902430,Exp Neurol,Elsevier,4110.0,4,4440.0,False,False
13873806,Int J Mass Spectrom,Elsevier,4110.0,1,1110.0,False,False
26321297,Brain Commun,Oxford University Press (OUP),4118.85,12,13426.200000000004,False,False
10958584,J Mol Cell Cardiol,Elsevier,4120.0,5,5600.0,False,False
15327361,Surgery,Elsevier,4130.0,18,20340.0,False,False
18785891,Hear Res,Elsevier,4130.0,10,11300.0,False,False
18731740,Prog Cardiovasc Dis,Elsevier,4130.0,2,2260.0,False,False
1879355X,Int J Radiat Oncol Biol Phys,Elsevier,4130.0,2,2260.0,False,False
15495485,Learn Mem,Cold Spring Harbor Laboratory,4140.0,2,2280.0,False,False
18758908,J Alzheimers Dis,SAGE Publications,4150.0,64,73600.0,False,False
08919887,J Geriatr Psychiatry Neurol,SAGE Publications,4150.0,8,9200.0,False,False
14770962,Lupus,SAGE Publications,4150.0,3,3450.0,False,False
17581052,Int J STD AIDS,SAGE Publications,4150.0,3,3450.0,False,False
15598284,Am J Lifestyle Med,SAGE Publications,4150.0,2,2300.0,False,False
17407753,Clin Trials,SAGE Publications,4150.0,2,2300.0,False,False
15524175,Biol Res Nurs,SAGE Publications,4150.0,1,1150.0,False,False
15527573,Res Aging,SAGE Publications,4150.0,1,1150.0,False,False
15528456,West J Nurs Res,SAGE Publications,4150.0,1,1150.0,False,False
1943572X,Ann Otol Rhinol Laryngol,SAGE Publications,4150.0,1,1150.0,False,False
21686602,Am J Health Promot,SAGE Publications,4150.0,1,1150.0,False,False
23971983,J Scleroderma Relat Disord,SAGE Publications,4150.0,1,1150.0,False,False
23971991,J Scleroderma Relat Disord,SAGE Publications,4150.0,1,1150.0,False,False
19313543,Chest,Elsevier,4160.0,13,15080.0,False,False
13618423,Med Image Anal,Elsevier,4170.0,4,4680.0,False,False
18729754,Neurochem Int,Elsevier,4170.0,2,2340.0,False,False
01918869,Pers Individ Dif,Elsevier,4170.0,1,1170.0,False,False
15280012,Gastroenterology,Elsevier,4180.0,20,23600.0,False,False
15288447,J Pain,Elsevier,4180.0,4,4720.0,False,False
13674811,Bioinformatics,Oxford University Press (OUP),4188.0,22,26136.0,False,False
23993642,Commun Biol,Springer Nature,4190.0,30,35700.0,False,False
1466609X,Crit Care,Springer Nature,4190.0,7,8330.0,False,False
17417015,BMC Med,Springer Nature,4190.0,5,5950.0,False,False
20567944,NPJ Genom Med,Springer Nature,4190.0,5,5950.0,False,False
20573995,NPJ Regen Med,Springer Nature,4190.0,5,5950.0,False,False
22136711,Stem Cell Reports,Elsevier,4190.0,5,5950.0,False,False
1465542X,Breast Cancer Res,Springer Nature,4190.0,3,3570.0,False,False
17569966,J Exp Clin Cancer Res,Springer Nature,4190.0,3,3570.0,False,False
10958304,Appetite,Elsevier,4190.0,2,2380.0,False,False
20477538,Light Sci Appl,Springer Nature,4190.0,2,2380.0,False,False
10976787,J Am Acad Dermatol,Elsevier,4200.0,34,40800.0,False,False
15597016,J Cereb Blood Flow Metab,SAGE Publications,4200.0,6,7200.0,False,False
26660873,JACC CardioOncol,Elsevier,4200.0,6,7200.0,False,False
18790380,Curr Opin Genet Dev,Elsevier,4200.0,5,6000.0,False,False
10960333,Toxicol Appl Pharmacol,Elsevier,4200.0,2,2400.0,False,False
27526542,PNAS Nexus,Oxford University Press (OUP),4202.0,3,3606.0,False,False
18785921,J Clin Epidemiol,Elsevier,4210.0,3,3630.0,False,False
18735967,J Clin Virol,Elsevier,4210.0,1,1210.0,False,False
15565653,Fertil Steril,Elsevier,4220.0,8,9760.0,False,False
18733344,J Inorg Biochem,Elsevier,4220.0,1,1220.0,False,False
18727123,Psychiatry Res,Elsevier,4230.0,8,9840.0,False,False
18734596,Free Radic Biol Med,Elsevier,4240.0,5,6200.0,False,False
18791026,Sci Total Environ,Elsevier,4250.0,7,8750.0,False,False
18793185,Toxicology,Elsevier,4250.0,1,1250.0,False,False
26666065,Lancet Reg Health West Pac,Elsevier,4250.0,1,1250.0,False,False
16139860,Transl Behav Med,Oxford University Press (OUP),4253.0,13,16289.0,False,False
23288957,Open Forum Infect Dis,Oxford University Press (OUP),4256.0,20,25120.0,False,False
23522518,Curr Opin Psychol,Elsevier,4260.0,2,2520.0,False,False
22128778,Mol Metab,Elsevier,4270.0,3,3810.0,False,False
18790852,Eur J Cancer,Elsevier,4270.0,2,2540.0,False,False
15691802,Matrix Biol,Elsevier,4280.0,1,1280.0,False,False
17589193,Alzheimers Res Ther,Springer Nature,4290.0,17,21930.0,False,False
14209071,Cell Mol Life Sci,Springer Nature,4290.0,8,10320.0,False,False
21579024,Oncogenesis,Springer Nature,4290.0,3,3870.0,False,False
14752840,Cardiovasc Diabetol,Springer Nature,4290.0,2,2580.0,False,False
20555008,NPJ Biofilms Microbiomes,Springer Nature,4290.0,2,2580.0,False,False
17517370,ISME J,Oxford University Press (OUP),4299.75,2,2599.5,False,False
21507511,mBio,American Society for Microbiology,4300.0,41,53300.0,False,False
15464156,Alzheimer Dis Assoc Disord,Wolters Kluwer,4300.0,14,18200.0,False,False
15400514,Shock,Wolters Kluwer,4300.0,8,10400.0,False,False
18737064,Neuropharmacology,Elsevier,4300.0,8,10400.0,False,False
1536481X,J Glaucoma,Wolters Kluwer,4300.0,6,7800.0,False,False
23795042,mSphere,American Society for Microbiology,4300.0,6,7800.0,False,False
23795077,mSystems,American Society for Microbiology,4300.0,6,7800.0,False,False
15365948,J Occup Environ Med,Wolters Kluwer,4300.0,2,2600.0,False,False
22132317,Redox Biol,Elsevier,4310.0,8,10480.0,False,False
14643553,Chem Senses,Oxford University Press (OUP),4317.0,2,2634.0,False,False
18736882,Curr Opin Neurobiol,Elsevier,4320.0,7,9240.0,False,False
1465735X,J Pediatr Psychol,Oxford University Press (OUP),4332.0,19,25308.0,False,False
18785506,Sleep Med,Elsevier,4350.0,4,5400.0,False,False
18734758,Int J Drug Policy,Elsevier,4350.0,2,2700.0,False,False
10958657,J Struct Biol,Elsevier,4350.0,1,1350.0,False,False
23521546,Curr Opin Behav Sci,Elsevier,4360.0,7,9520.0,False,False
1879033X,Curr Opin Struct Biol,Elsevier,4360.0,3,4080.0,False,False
1558075X,Semin Perinatol,Elsevier,4370.0,7,9590.0,False,False
19353456,Mucosal Immunol,Elsevier,4370.0,6,8220.0,False,False
1532866X,Semin Arthritis Rheum,Elsevier,4370.0,3,4110.0,False,False
15389375,J Am Med Dir Assoc,Elsevier,4370.0,3,4110.0,False,False
10963618,Semin Immunol,Elsevier,4370.0,2,2740.0,False,False
18735010,J Cyst Fibros,Elsevier,4370.0,1,1370.0,False,False
18790046,Drug Alcohol Depend,Elsevier,4380.0,23,31740.0,False,False
10956859,Gynecol Oncol,Elsevier,4380.0,10,13800.0,False,False
18791891,Am J Ophthalmol,Elsevier,4380.0,5,6900.0,False,False
18784216,Prog Neuropsychopharmacol Biol Psychiatry,Elsevier,4380.0,1,1380.0,False,False
14643502,Alcohol Alcohol,Oxford University Press (OUP),4387.5,1,1387.5,False,False
15509109,Sleep,Oxford University Press (OUP),4388.0,27,37476.0,False,False
13646915,Aging Ment Health,Taylor & Francis,4390.0,10,13900.0,False,False
14602083,Hum Mol Genet,Oxford University Press (OUP),4390.0,10,13900.0,False,False
15374424,J Clin Child Adolesc Psychol,Taylor & Francis,4390.0,9,12510.0,False,False
10292403,Leuk Lymphoma,Taylor & Francis,4390.0,4,5560.0,False,False
18790410,Curr Opin Cell Biol,Elsevier,4390.0,4,5560.0,False,False
16078438,Connect Tissue Res,Taylor & Francis,4390.0,3,4170.0,False,False
13623095,Int J Radiat Biol,Taylor & Francis,4390.0,2,2780.0,False,False
14602202,Curr Eye Res,Taylor & Francis,4390.0,1,1390.0,False,False
14645165,Disabil Rehabil,Taylor & Francis,4390.0,1,1390.0,False,False
15327027,Health Commun,Taylor & Francis,4390.0,1,1390.0,False,False
15327914,Nutr Cancer,Taylor & Francis,4390.0,1,1390.0,False,False
18734111,Maturitas,Elsevier,4390.0,1,1390.0,False,False
26895277,Int J Transgend Health,Taylor & Francis,4390.0,1,1390.0,False,False
15526127,Health Educ Behav,SAGE Publications,4400.0,9,12600.0,False,False
15524523,J Appl Gerontol,SAGE Publications,4400.0,7,9800.0,False,False
15524531,J Biol Rhythms,SAGE Publications,4400.0,7,9800.0,False,False
15457214,Am J Geriatr Psychiatry,Elsevier,4400.0,6,8400.0,False,False
14770334,Stat Methods Med Res,SAGE Publications,4400.0,4,5600.0,False,False
15526844,Neurorehabil Neural Repair,SAGE Publications,4400.0,4,5600.0,False,False
15526887,J Aging Health,SAGE Publications,4400.0,4,5600.0,False,False
14770970,Mult Scler,SAGE Publications,4400.0,2,2800.0,False,False
15440591,J Dent Res,SAGE Publications,4400.0,2,2800.0,False,False
1552681X,Med Decis Making,SAGE Publications,4400.0,2,2800.0,False,False
14682877,Public Health Rep,SAGE Publications,4400.0,1,1400.0,False,False
15217035,Clin Immunol,Elsevier,4400.0,1,1400.0,False,False
15251489,J Intensive Care Med,SAGE Publications,4400.0,1,1400.0,False,False
19410921,Sports Health,SAGE Publications,4400.0,1,1400.0,False,False
18728227,Diabetes Res Clin Pract,Elsevier,4410.0,4,5640.0,False,False
18790372,Curr Opin Immunol,Elsevier,4410.0,3,4230.0,False,False
22208372,Public Health Action,International Union Against Tuberculosis and Lung Disease,4426.0,1,1426.0,False,False
15315037,J Pediatr Surg,Elsevier,4430.0,9,12870.0,False,False
18764754,Brain Stimul,Elsevier,4430.0,4,5720.0,False,False
15324796,Ann Behav Med,Oxford University Press (OUP),4433.0,9,12897.0,False,False
18734995,J Control Release,Elsevier,4440.0,5,7200.0,False,False
1479683X,Eur J Endocrinol,Oxford University Press (OUP),4443.66,1,1443.6599999999999,False,False
18736327,Addict Behav,Elsevier,4450.0,12,17400.0,False,False
14716771,Br J Anaesth,Elsevier,4450.0,3,4350.0,False,False
15427714,Clin Gastroenterol Hepatol,Elsevier,4470.0,28,41160.0,False,False
15300285,Mod Pathol,Elsevier,4480.0,2,2960.0,False,False
15300307,Lab Invest,Elsevier,4480.0,2,2960.0,False,False
17208319,Aging Clin Exp Res,Springer Nature,4490.0,2,2980.0,False,False
20926413,Exp Mol Med,Springer Nature,4490.0,2,2980.0,False,False
18731570,Resuscitation,Elsevier,4490.0,1,1490.0,False,False
15205126,J Am Chem Soc,American Chemical Society (ACS),4500.0,65,97500.0,False,False
10984275,Pediatrics,American Academy of Pediatrics (AAP),4500.0,23,34500.0,False,False
15206882,Anal Chem,American Chemical Society (ACS),4500.0,23,34500.0,False,False
1936086X,ACS Nano,American Chemical Society (ACS),4500.0,23,34500.0,False,False
15353907,J Proteome Res,American Chemical Society (ACS),4500.0,22,33000.0,False,False
21615063,ACS Synth Biol,American Chemical Society (ACS),4500.0,15,22500.0,False,False
15548937,ACS Chem Biol,American Chemical Society (ACS),4500.0,14,21000.0,False,False
15204995,Biochemistry,American Chemical Society (ACS),4500.0,13,19500.0,False,False
15306992,Nano Lett,American Chemical Society (ACS),4500.0,12,18000.0,False,False
18791123,J Am Soc Mass Spectrom,American Chemical Society (ACS),4500.0,11,16500.0,False,False
15204804,J Med Chem,American Chemical Society (ACS),4500.0,10,15000.0,False,False
15281175,Anesthesiology,Wolters Kluwer,4500.0,9,13500.0,False,False
19448252,ACS Appl Mater Interfaces,American Chemical Society (ACS),4500.0,8,12000.0,False,False
19485875,ACS Med Chem Lett,American Chemical Society (ACS),4500.0,7,10500.0,False,False
21541671,Hosp Pediatr,American Academy of Pediatrics (AAP),4500.0,7,10500.0,False,False
15204812,Bioconjug Chem,American Chemical Society (ACS),4500.0,6,9000.0,False,False
19487185,J Phys Chem Lett,American Chemical Society (ACS),4500.0,6,9000.0,False,False
1097685X,J Thorac Cardiovasc Surg,Elsevier,4500.0,5,7500.0,False,False
23739878,ACS Biomater Sci Eng,American Chemical Society (ACS),4500.0,5,7500.0,False,False
1520510X,Inorg Chem,American Chemical Society (ACS),4500.0,4,6000.0,False,False
15205851,Environ Sci Technol,American Chemical Society (ACS),4500.0,4,6000.0,False,False
15264602,Biomacromolecules,American Chemical Society (ACS),4500.0,4,6000.0,False,False
15205827,Langmuir,American Chemical Society (ACS),4500.0,3,4500.0,False,False
15206890,Chem Rev,American Chemical Society (ACS),4500.0,3,4500.0,False,False
15206904,J Org Chem,American Chemical Society (ACS),4500.0,3,4500.0,False,False
15210081,Pharmacol Rev,Elsevier,4500.0,3,4500.0,False,False
15250024,Mol Ther,Elsevier,4500.0,3,4500.0,False,False
1549960X,J Chem Inf Model,American Chemical Society (ACS),4500.0,3,4500.0,False,False
23793694,ACS Sens,American Chemical Society (ACS),4500.0,3,4500.0,False,False
25759108,ACS Pharmacol Transl Sci,American Chemical Society (ACS),4500.0,3,4500.0,False,False
25766422,ACS Appl Bio Mater,American Chemical Society (ACS),4500.0,3,4500.0,False,False
00219584,J Chem Educ,American Chemical Society (ACS),4500.0,2,3000.0,False,False
08974756,Chem Mater,American Chemical Society (ACS),4500.0,2,3000.0,False,False
15204898,Acc Chem Res,American Chemical Society (ACS),4500.0,2,3000.0,False,False
15205207,J Phys Chem B,American Chemical Society (ACS),4500.0,2,3000.0,False,False
15206025,J Nat Prod,American Chemical Society (ACS),4500.0,2,3000.0,False,False
15237052,Org Lett,American Chemical Society (ACS),4500.0,2,3000.0,False,False
19487193,ACS Chem Neurosci,American Chemical Society (ACS),4500.0,2,3000.0,False,False
21611653,ACS Macro Lett,American Chemical Society (ACS),4500.0,2,3000.0,False,False
21630763,J Trauma Acute Care Surg,Wolters Kluwer,4500.0,2,3000.0,False,False
23738227,ACS Infect Dis,American Chemical Society (ACS),4500.0,2,3000.0,False,False
15438392,Mol Pharm,American Chemical Society (ACS),4500.0,1,1500.0,False,False
18673880,ChemCatChem,Wiley,4500.0,1,1500.0,False,False
21555435,ACS Catal,American Chemical Society (ACS),4500.0,1,1500.0,False,False
21630402,Neurol Clin Pract,Wolters Kluwer,4500.0,1,1500.0,False,False
23304022,ACS Photonics,American Chemical Society (ACS),4500.0,1,1500.0,False,False
18790402,Curr Opin Chem Biol,Elsevier,4510.0,2,3020.0,False,False
1527974X,J Am Med Inform Assoc,Oxford University Press (OUP),4549.0,46,71254.0,False,False
10976833,J Pediatr,Elsevier,4570.0,19,29830.0,False,False
10898638,J Mol Biol,Elsevier,4580.0,16,25280.0,False,False
14320851,Cancer Immunol Immunother,Springer Nature,4590.0,1,1590.0,False,False
16006143,Am J Transplant,Elsevier,4600.0,30,48000.0,False,False
15244040,Neurosurgery,Wolters Kluwer,4600.0,5,8000.0,False,False
15316963,Curr Opin Rheumatol,Wolters Kluwer,4600.0,2,3200.0,False,False
15297268,Biol Reprod,Oxford University Press (OUP),4605.0,16,25680.0,False,False
19432631,Genetics,Oxford University Press (OUP),4611.0,5,8055.0,False,False
14643685,Int J Epidemiol,Oxford University Press (OUP),4621.05,6,9726.300000000001,False,False
14683296,Thorax,BMJ,4627.0,4,6508.0,False,False
14686244,J Med Genet,BMJ,4627.0,2,3254.0,False,False
1758535X,J Gerontol A Biol Sci Med Sci,Oxford University Press (OUP),4628.0,17,27676.0,False,False
17585368,J Gerontol B Psychol Sci Soc Sci,Oxford University Press (OUP),4628.0,17,27676.0,False,False
17585341,Gerontologist,Oxford University Press (OUP),4628.0,5,8140.0,False,False
24739537,Blood Adv,American Society of Hematology,4635.0,21,34335.0,False,False
15308561,Clin Chem,Oxford University Press (OUP),4636.0,1,1636.0,False,False
18785905,Biomaterials,Elsevier,4640.0,9,14760.0,False,False
16154150,Adv Synth Catal,Wiley,4650.0,3,4950.0,False,False
18737897,J Anxiety Disord,Elsevier,4650.0,3,4950.0,False,False
15328406,J Arthroplasty,Elsevier,4650.0,1,1650.0,False,False
17683254,Eur J Med Chem,Elsevier,4650.0,1,1650.0,False,False
19437722,Am J Clin Pathol,Oxford University Press (OUP),4660.0,3,4980.0,False,False
10963634,Semin Cell Dev Biol,Elsevier,4670.0,6,10020.0,False,False
10960929,Toxicol Sci,Oxford University Press (OUP),4671.0,2,3342.0,False,False
15720241,Am J Gastroenterol,Wolters Kluwer,4700.0,25,42500.0,False,False
15300293,Crit Care Med,Wolters Kluwer,4700.0,13,22100.0,False,False
15384667,Ear Hear,Wolters Kluwer,4700.0,13,22100.0,False,False
18791190,J Am Coll Surg,Wolters Kluwer,4700.0,9,15300.0,False,False
15317048,Curr Opin Hematol,Wolters Kluwer,4700.0,6,10200.0,False,False
15371948,Med Care,Wolters Kluwer,4700.0,5,8500.0,False,False
15297535,Pediatr Crit Care Med,Wolters Kluwer,4700.0,2,3400.0,False,False
1531698X,Curr Opin Pediatr,Wolters Kluwer,4700.0,2,3400.0,False,False
15351386,J Bone Joint Surg Am,Wolters Kluwer,4700.0,2,3400.0,False,False
15320987,Pediatr Infect Dis J,Wolters Kluwer,4700.0,1,1700.0,False,False
15334023,J Cardiovasc Pharmacol,Wolters Kluwer,4700.0,1,1700.0,False,False
15389847,Nurs Res,Wolters Kluwer,4700.0,1,1700.0,False,False
14620332,Rheumatology (Oxford),Oxford University Press (OUP),4706.1,6,10236.600000000002,False,False
17444144,Clin Neuropsychol,Taylor & Francis,4720.0,7,12040.0,False,False
15548635,Autophagy,Taylor & Francis,4720.0,4,6880.0,False,False
15402010,Behav Sleep Med,Taylor & Francis,4720.0,2,3440.0,False,False
18730183,Autoimmun Rev,Elsevier,4730.0,1,1730.0,False,False
1930613X,Mil Med,Oxford University Press (OUP),4748.0,2,3496.0,False,False
18736750,Environ Int,Elsevier,4750.0,9,15750.0,False,False
2452302X,JACC Basic Transl Sci,Elsevier,4750.0,4,7000.0,False,False
20487207,J Pediatric Infect Dis Soc,Oxford University Press (OUP),4752.0,3,5256.0,False,False
20524897,BMJ Open Diabetes Res Care,BMJ,4760.0,8,14080.0,False,False
18736513,J Pain Symptom Manage,Elsevier,4760.0,7,12320.0,False,False
15563871,Heart Rhythm,Elsevier,4790.0,2,3580.0,False,False
14602350,Hum Reprod,Oxford University Press (OUP),4793.49,5,8967.449999999999,False,False
1873233X,Obstet Gynecol,Wolters Kluwer,4800.0,51,91800.0,False,False
19417225,Am J Hypertens,Oxford University Press (OUP),4814.0,3,5442.0,False,False
18735843,Arch Clin Neuropsychol,Oxford University Press (OUP),4823.0,6,10938.0,False,False
26672375,Cell Rep Methods,Elsevier,4824.0,2,3648.0,False,False
13858947,Chem Eng J,Elsevier,4830.0,1,1830.0,False,False
18733336,J Hazard Mater,Elsevier,4830.0,1,1830.0,False,False
14602180,Carcinogenesis,Oxford University Press (OUP),4835.0,2,3670.0,False,False
14766256,Am J Epidemiol,Oxford University Press (OUP),4856.0,16,29696.0,False,False
20597908,BMJ Glob Health,BMJ,4858.0,1,1858.0,False,False
27527948,BMJ Oncol,BMJ,4858.0,1,1858.0,False,False
18737528,Neurosci Biobehav Rev,Elsevier,4860.0,5,9300.0,False,False
14682060,Ann Rheum Dis,Elsevier,4870.0,7,13090.0,False,False
14602229,Fam Pract,Oxford University Press (OUP),4892.0,1,1892.0,False,False
19447884,J Acquir Immune Defic Syndr,Wolters Kluwer,4900.0,77,146300.0,False,False
10976825,J Allergy Clin Immunol,Elsevier,4900.0,68,129200.0,False,False
23793708,JCI Insight,American Society for Clinical Investigation,4900.0,65,123500.0,False,False
14735571,AIDS,Wolters Kluwer,4900.0,58,110200.0,False,False
1526632X,Neurology,Wolters Kluwer,4900.0,35,66500.0,False,False
18726623,Pain,Wolters Kluwer,4900.0,22,41800.0,False,False
15346080,Transplantation,Wolters Kluwer,4900.0,21,39900.0,False,False
15281140,Ann Surg,Wolters Kluwer,4900.0,19,36100.0,False,False
15267598,Anesth Analg,Wolters Kluwer,4900.0,12,22800.0,False,False
14735598,J Hypertens,Wolters Kluwer,4900.0,6,11400.0,False,False
1938808X,Acad Med,Wolters Kluwer,4900.0,6,11400.0,False,False
15315487,Epidemiology,Wolters Kluwer,4900.0,5,9500.0,False,False
15300315,Med Sci Sports Exerc,Wolters Kluwer,4900.0,4,7600.0,False,False
17466318,Curr Opin HIV AIDS,Wolters Kluwer,4900.0,4,7600.0,False,False
15392864,Retina,Wolters Kluwer,4900.0,3,5700.0,False,False
26663899,Patterns (N Y),Elsevier,4900.0,3,5700.0,False,False
15320979,Am J Surg Pathol,Wolters Kluwer,4900.0,2,3800.0,False,False
1533712X,J Clin Psychopharmacol,Wolters Kluwer,4900.0,1,1900.0,False,False
18790305,Cytokine Growth Factor Rev,Elsevier,4900.0,1,1900.0,False,False
19405480,J Am Acad Orthop Surg,Wolters Kluwer,4900.0,1,1900.0,False,False
14602423,Glycobiology,Oxford University Press (OUP),4923.36,2,3846.7199999999993,False,False
2667193X,Lancet Reg Health Am,Elsevier,4930.0,3,5790.0,False,False
14723263,Sex Transm Infect,BMJ,4953.0,4,7812.0,False,False
1468201X,Heart,BMJ,4953.0,3,5859.0,False,False
14702738,J Epidemiol Community Health,BMJ,4953.0,2,3906.0,False,False
14755785,Inj Prev,BMJ,4953.0,2,3906.0,False,False
20454368,BMJ Support Palliat Care,BMJ,4953.0,2,3906.0,False,False
18727980,Cancer Lett,Elsevier,4960.0,10,19600.0,False,False
18781632,Spine J,Elsevier,4980.0,3,5940.0,False,False
17451701,Schizophr Bull,Oxford University Press (OUP),4981.0,21,41601.0,False,False
20492618,Microbiome,Springer Nature,4990.0,5,9950.0,False,False
15494713,Ophthalmology,Elsevier,4990.0,4,7960.0,False,False
17568722,J Hematol Oncol,Springer Nature,4990.0,4,7960.0,False,False
20414889,Cell Death Dis,Springer Nature,4990.0,3,5970.0,False,False
15732592,J Clin Immunol,Springer Nature,4990.0,2,3980.0,False,False
22131787,JACC Heart Fail,Elsevier,5000.0,16,32000.0,False,False
15387755,Cancer Epidemiol Biomarkers Prev,American Association for Cancer Research (AACR),5000.0,10,20000.0,False,False
18767591,JACC Cardiovasc Imaging,Elsevier,5000.0,8,16000.0,False,False
24055018,JACC Clin Electrophysiol,Elsevier,5000.0,6,12000.0,False,False
19406215,Cancer Prev Res (Phila),American Association for Cancer Research (AACR),5000.0,4,8000.0,False,False
24752991,Curr Dev Nutr,Elsevier,5000.0,4,8000.0,False,False
1746045X,Expert Opin Drug Discov,Taylor & Francis,5000.0,2,4000.0,False,False
17445078,Ocul Immunol Inflamm,Taylor & Francis,5000.0,1,2000.0,False,False
15376591,Clin Infect Dis,Oxford University Press (OUP),5001.0,53,106053.0,False,False
15376613,J Infect Dis,Oxford University Press (OUP),5001.0,20,40020.0,False,False
15546578,J Neuropathol Exp Neurol,Oxford University Press (OUP),5036.0,22,44792.0,False,False
15264637,Pain Med,Oxford University Press (OUP),5036.0,5,10180.0,False,False
13652133,Br J Dermatol,Oxford University Press (OUP),5036.85,12,24442.200000000004,False,False
14602199,Cereb Cortex,Oxford University Press (OUP),5038.0,10,20380.0,False,False
15698041,Ann Oncol,Elsevier,5080.0,1,2080.0,False,False
1469493X,Cochrane Database Syst Rev,Wiley,5100.0,1,2100.0,False,False
15300366,Genet Med,Elsevier,5110.0,22,46420.0,False,False
15235866,Neuro Oncol,Oxford University Press (OUP),5132.0,36,76752.0,False,False
15376605,Am J Hum Genet,Elsevier,5150.0,16,34400.0,False,False
18735118,Prog Neurobiol,Elsevier,5190.0,1,2190.0,False,False
15333450,J Am Soc Nephrol,Wolters Kluwer,5200.0,35,77000.0,False,False
14779129,Development,The Company of Biologists,5200.0,19,41800.0,False,False
15416100,J Nutr,Elsevier,5200.0,16,35200.0,False,False
14779137,J Cell Sci,The Company of Biologists,5200.0,14,30800.0,False,False
15495469,Genome Res,Cold Spring Harbor Laboratory,5200.0,11,24200.0,False,False
19383207,Am J Clin Nutr,Elsevier,5200.0,9,19800.0,False,False
14779145,J Exp Biol,The Company of Biologists,5200.0,7,15400.0,False,False
21565376,Adv Nutr,Elsevier,5200.0,2,4400.0,False,False
15321681,Blood Rev,Elsevier,5220.0,1,2220.0,False,False
1555905X,Clin J Am Soc Nephrol,Wolters Kluwer,5250.0,20,45000.0,False,False
14699001,RNA,Cold Spring Harbor Laboratory,5250.0,4,9000.0,False,False
18737560,Eur Urol,Elsevier,5250.0,4,9000.0,False,False
21583188,Transl Psychiatry,Springer Nature,5290.0,11,25190.0,False,False
1756994X,Genome Med,Springer Nature,5290.0,9,20610.0,False,False
20445385,Blood Cancer J,Springer Nature,5290.0,3,6870.0,False,False
19375913,Ocul Surf,Elsevier,5330.0,3,6990.0,False,False
15328600,Metabolism,Elsevier,5340.0,1,2340.0,False,False
15244539,Circulation,Wolters Kluwer,5400.0,43,103200.0,False,False
19413297,Circ Heart Fail,Wolters Kluwer,5400.0,28,67200.0,False,False
15244571,Circ Res,Wolters Kluwer,5400.0,25,60000.0,False,False
15273792,J Urol,Wolters Kluwer,5400.0,23,55200.0,False,False
15244628,Stroke,Wolters Kluwer,5400.0,21,50400.0,False,False
15244563,Hypertension,Wolters Kluwer,5400.0,19,45600.0,False,False
15244636,Arterioscler Thromb Vasc Biol,Wolters Kluwer,5400.0,18,43200.0,False,False
19417705,Circ Cardiovasc Qual Outcomes,Wolters Kluwer,5400.0,15,36000.0,False,False
10902139,Brain Behav Immun,Elsevier,5400.0,14,33600.0,False,False
19420080,Circ Cardiovasc Imaging,Wolters Kluwer,5400.0,9,21600.0,False,False
25748300,Circ Genom Precis Med,Wolters Kluwer,5400.0,9,21600.0,False,False
19413084,Circ Arrhythm Electrophysiol,Wolters Kluwer,5400.0,6,14400.0,False,False
10976868,Am J Obstet Gynecol,Elsevier,5410.0,41,98810.0,False,False
10959157,J Autoimmun,Elsevier,5420.0,4,9680.0,False,False
14602105,J Natl Cancer Inst,Oxford University Press (OUP),5436.0,8,19488.0,False,False
23752548,Sci Adv,American Association for the Advancement of Science (AAAS),5450.0,95,232750.0,False,False
18732402,Biol Psychiatry,Elsevier,5489.0,18,44802.0,False,False
1474760X,Genome Biol,Springer Nature,5490.0,17,42330.0,False,False
15277755,J Clin Oncol,American Society of Clinical Oncology (ASCO),5500.0,21,52500.0,False,False
15457885,PLoS Biol,Public Library of Science (PLoS),5500.0,16,40000.0,False,False
26881535,JCO Oncol Pract,American Society of Clinical Oncology (ASCO),5500.0,10,25000.0,False,False
1469994X,Nicotine Tob Res,Oxford University Press (OUP),5500.0,9,22500.0,False,False
16000641,J Hepatol,Elsevier,5500.0,4,10000.0,False,False
17553245,Cardiovasc Res,Oxford University Press (OUP),5516.55,4,10066.2,False,False
14683288,Gut,BMJ,5537.0,3,7611.0,False,False
18734235,Biosens Bioelectron,Elsevier,5540.0,3,7620.0,False,False
18728294,Adv Drug Deliv Rev,Elsevier,5550.0,1,2550.0,False,False
22111247,Cell Rep,Elsevier,5620.0,102,267240.0,False,False
26663791,Cell Rep Med,Elsevier,5620.0,15,39300.0,False,False
1879016X,Pharmacol Ther,Elsevier,5660.0,3,7980.0,False,False
15588238,J Clin Invest,American Society for Clinical Investigation,5700.0,109,294300.0,False,False
14602156,Brain,Oxford University Press (OUP),5702.4,31,83774.4,False,False
00108545,Coord Chem Rev,Elsevier,5740.0,1,2740.0,False,False
25895370,EClinicalMedicine,Elsevier,5780.0,6,16680.0,False,False
1616301X,Adv Funct Mater,Wiley,5790.0,2,5580.0,False,False
17598486,J Neurointerv Surg,BMJ,5815.0,3,8445.0,False,False
10916490,Proc Natl Acad Sci U S A,Proceedings of the National Academy of Sciences,5995.0,157,470215.0,False,False
23806591,JAMA Cardiol,American Medical Association (AMA),6000.0,34,102000.0,False,False
15408140,J Cell Biol,Rockefeller University Press,6000.0,23,69000.0,False,False
15409538,J Exp Med,Rockefeller University Press,6000.0,17,51000.0,False,False
21686262,JAMA Surg,American Medical Association (AMA),6000.0,14,42000.0,False,False
21686211,JAMA Pediatr,American Medical Association (AMA),6000.0,12,36000.0,False,False
23742445,JAMA Oncol,American Medical Association (AMA),6000.0,9,27000.0,False,False
21686157,JAMA Neurol,American Medical Association (AMA),6000.0,8,24000.0,False,False
21686114,JAMA Intern Med,American Medical Association (AMA),6000.0,7,21000.0,False,False
21686238,JAMA Psychiatry,American Medical Association (AMA),6000.0,6,18000.0,False,False
21686173,JAMA Ophthalmol,American Medical Association (AMA),6000.0,4,12000.0,False,False
21686084,JAMA Dermatol,American Medical Association (AMA),6000.0,3,9000.0,False,False
10963650,Semin Cancer Biol,Elsevier,6060.0,4,12240.0,False,False
13697021,Mater Today (Kidlington),Elsevier,6070.0,1,3070.0,False,False
15229645,Eur Heart J,Oxford University Press (OUP),6130.8,12,37569.600000000006,False,False
15292401,J Neurosci,Society for Neuroscience,6270.0,56,183120.0,False,False
23523964,EBioMedicine,Elsevier,6360.0,17,57120.0,False,False
15491676,PLoS Med,Public Library of Science (PLoS),6460.0,6,20760.0,False,False
15280020,Blood,American Society of Hematology,6600.0,17,61200.0,False,False
2666979X,Cell Genom,Elsevier,6675.0,8,29400.0,False,False
2214109X,Lancet Glob Health,Elsevier,6680.0,2,7360.0,False,False
23524650,Lancet Child Adolesc Health,Elsevier,6680.0,2,7360.0,False,False
24682667,Lancet Public Health,Elsevier,6680.0,2,7360.0,False,False
25425196,Lancet Planet Health,Elsevier,6680.0,2,7360.0,False,False
25897500,Lancet Digit Health,Elsevier,6680.0,2,7360.0,False,False
26667568,Lancet Healthy Longev,Elsevier,6680.0,2,7360.0,False,False
18731635,Prog Retin Eye Res,Elsevier,6710.0,3,11130.0,False,False
20411723,Nat Commun,Springer Nature,6990.0,248,989520.0,False,False
15388514,Mol Cancer Ther,American Association for Cancer Research (AACR),7000.0,15,60000.0,False,False
15573125,Mol Cancer Res,American Association for Cancer Research (AACR),7000.0,7,28000.0,False,False
18790445,Curr Biol,Elsevier,7030.0,36,145080.0,False,False
24058025,Trends Cancer,Elsevier,7030.0,7,28210.0,False,False
01689525,Trends Genet,Elsevier,7030.0,6,24180.0,False,False
14714981,Trends Immunol,Elsevier,7030.0,6,24180.0,False,False
1878108X,Trends Neurosci,Elsevier,7030.0,6,24180.0,False,False
1879307X,Trends Cogn Sci,Elsevier,7030.0,6,24180.0,False,False
18793088,Trends Cell Biol,Elsevier,7030.0,6,24180.0,False,False
18733735,Trends Pharmacol Sci,Elsevier,7030.0,5,20150.0,False,False
18793061,Trends Endocrinol Metab,Elsevier,7030.0,3,12090.0,False,False
09680004,Trends Biochem Sci,Elsevier,7030.0,2,8060.0,False,False
1471499X,Trends Mol Med,Elsevier,7030.0,2,8060.0,False,False
14715007,Trends Parasitol,Elsevier,7030.0,2,8060.0,False,False
18784380,Trends Microbiol,Elsevier,7030.0,2,8060.0,False,False
18793096,Trends Biotechnol,Elsevier,7030.0,1,4030.0,False,False
15583597,J Am Coll Cardiol,Elsevier,7166.0,27,112482.0,False,False
14744465,Lancet Neurol,Elsevier,7280.0,7,29960.0,False,False
22132619,Lancet Respir Med,Elsevier,7280.0,7,29960.0,False,False
14745488,Lancet Oncol,Elsevier,7280.0,5,21400.0,False,False
23523018,Lancet HIV,Elsevier,7280.0,4,17120.0,False,False
14744457,Lancet Infect Dis,Elsevier,7280.0,2,8560.0,False,False
22138595,Lancet Diabetes Endocrinol,Elsevier,7280.0,2,8560.0,False,False
23523026,Lancet Haematol,Elsevier,7280.0,2,8560.0,False,False
26659913,Lancet Rheumatol,Elsevier,7280.0,2,8560.0,False,False
22150374,Lancet Psychiatry,Elsevier,7280.0,1,4280.0,False,False
26665247,Lancet Microbe,Elsevier,7280.0,1,4280.0,False,False
17561833,BMJ,BMJ,7525.0,5,22625.0,False,False
1474547X,Lancet,Elsevier,7890.0,9,44010.0,False,False
14602075,EMBO J,Springer Nature,7990.0,6,29940.0,False,False
14693178,EMBO Rep,Springer Nature,7990.0,5,24950.0,False,False
17574684,EMBO Mol Med,Springer Nature,7990.0,3,14970.0,False,False
17444292,Mol Syst Biol,Springer Nature,7990.0,1,4990.0,False,False
15573265,Clin Cancer Res,American Association for Cancer Research (AACR),8000.0,39,195000.0,False,False
15387445,Cancer Res,American Association for Cancer Research (AACR),8000.0,27,135000.0,False,False
23266074,Cancer Immunol Res,American Association for Cancer Research (AACR),8000.0,3,15000.0,False,False
10780432,Clin Cancer Res,American Association for Cancer Research (AACR),8000.0,2,10000.0,False,False
26433249,Blood Cancer Discov,American Association for Cancer Research (AACR),8000.0,1,5000.0,False,False
26671093,Chem Catal,Elsevier,9170.0,1,6170.0,False,False
24519448,Cell Chem Biol,Elsevier,9350.0,13,82550.0,False,False
18784186,Structure,Elsevier,9350.0,9,57150.0,False,False
24054720,Cell Syst,Elsevier,9350.0,5,31750.0,False,False
24519294,Chem,Elsevier,9350.0,4,25400.0,False,False
25902385,Matter,Elsevier,9350.0,1,6350.0,False,False
10974199,Neuron,Elsevier,10400.0,36,266400.0,False,False
10974164,Mol Cell,Elsevier,10400.0,33,244200.0,False,False
19327420,Cell Metab,Elsevier,10400.0,15,111000.0,False,False
10974180,Immunity,Elsevier,10400.0,12,88800.0,False,False
18759777,Cell Stem Cell,Elsevier,10400.0,8,59200.0,False,False
18781551,Dev Cell,Elsevier,10400.0,7,51800.0,False,False
18783686,Cancer Cell,Elsevier,10400.0,3,22200.0,False,False
19346069,Cell Host Microbe,Elsevier,10400.0,1,7400.0,False,False
21598290,Cancer Discov,American Association for Cancer Research (AACR),11000.0,12,96000.0,False,False
10974172,Cell,Elsevier,11400.0,20,168000.0,False,False
14764687,Nature,Springer Nature,12690.0,58,562020.0,False,False
15461718,Nat Genet,Springer Nature,12690.0,31,300390.0,False,False
15461726,Nat Neurosci,Springer Nature,12690.0,29,281010.0,False,False
1546170X,Nat Med,Springer Nature,12690.0,26,251940.0,False,False
15487105,Nat Methods,Springer Nature,12690.0,17,164730.0,False,False
15292916,Nat Immunol,Springer Nature,12690.0,16,155040.0,False,False
15524469,Nat Chem Biol,Springer Nature,12690.0,15,145350.0,False,False
2157846X,Nat Biomed Eng,Springer Nature,12690.0,12,116280.0,False,False
14764679,Nat Cell Biol,Springer Nature,12690.0,11,106590.0,False,False
25225812,Nat Metab,Springer Nature,12690.0,11,106590.0,False,False
15461696,Nat Biotechnol,Springer Nature,12690.0,10,96900.0,False,False
26628465,Nat Aging,Springer Nature,12690.0,8,77520.0,False,False
26621347,Nat Cancer,Springer Nature,12690.0,7,67830.0,False,False
27310590,Nat Cardiovasc Res,Springer Nature,12690.0,6,58140.0,False,False
20585276,Nat Microbiol,Springer Nature,12690.0,5,48450.0,False,False
15459985,Nat Struct Mol Biol,Springer Nature,12690.0,4,38760.0,False,False
17554349,Nat Chem,Springer Nature,12690.0,3,29070.0,False,False
17483395,Nat Nanotechnol,Springer Nature,12690.0,2,19380.0,False,False
2397334X,Nat Ecol Evol,Springer Nature,12690.0,2,19380.0,False,False
26628457,Nat Comput Sci,Springer Nature,12690.0,2,19380.0,False,False
27316076,Nat Ment Health,Springer Nature,12690.0,2,19380.0,False,False
14761122,Nat Mater,Springer Nature,12690.0,1,9690.0,False,False
14764660,Nat Mater,Springer Nature,12690.0,1,9690.0,False,False
23973374,Nat Hum Behav,Springer Nature,12690.0,1,9690.0,False,False
25201158,Nat Catal,Springer Nature,12690.0,1,9690.0,False,False
